Name,Start X,Start Y,End X,End Y,Length (px)
fdsf,482.59501703661965,538.8628219326296,557.2332544050213,516.8384240206422,77.81992406092043
Measurement 2,423.19485332646025,437.3058760051322,620.1908568725696,432.4115653580239,197.05679305684728
