Name,Start X,Start Y,End X,End Y,Length (px)
kl,360.2722461870987,299.85731866550725,608.250652307253,277.01720231233514,249.0280321909937
Measurement 2,361.85333007927153,471.7020036084211,357.5028317262864,474.96487737316,5.438122941231462
Measurement 3,457.5642938449451,464.0886314906971,457.5642938449451,464.0886314906971,0.0
Measurement 4,638.1099754938293,502.15549207931724,324.8740940788976,434.7227676080472,320.41206240621995
